Feature,Importance
TOTAL_UNITS,0.36220561916303207
TOTAL_SPEND,0.354873633377611
TRANSACTIONS,0.282920747459357
